name,gw,predicted_points_opponent
Elliot Anderson,1,1.2772883819591905
James Tarkowski,1,1.080908992170385
Ollie Watkins,1,1.6262550627848373
Iliman Ndiaye,1,1.080908992170385
Charalampos Kostoulas,1,1.2772883819591905
Jakub Kiwior,1,1.6262550627848373
William Saliba,1,1.6262550627848373
Zain Silcott-Duberry,1,1.2772883819591905
Omar Richards,1,1.2772883819591905
Moisés Caicedo Corozo,1,1.6262550627848373
Hjalmar Ekdal,1,1.080908992170385
Stefan Ortega Moreno,1,1.6262550627848373
Samuel Amissah,1,1.2772883819591905
Giorgi Mamardashvili,1,1.2369039028358144
John McGinn,1,1.6262550627848373
Myles Peart-Harris,1,1.2772883819591905
Cole Palmer,1,1.6262550627848373
Bukayo Saka,1,1.6262550627848373
Mateo Kovačić,1,1.6262550627848373
Jeremie Frimpong,1,1.2369039028358144
Son Heung-min,1,1.2772883819591905
Albert Sambi Lokonga,1,1.6262550627848373
Nicolas Jackson,1,1.6262550627848373
Antoine Semenyo,1,1.2772883819591905
Harry Amass,1,1.2772883819591905
Aaron Ramsdale,1,1.2772883819591905
Jadon Sancho,1,1.2772883819591905
Ethan Pinnock,1,1.2772883819591905
Mason Mount,1,1.2772883819591905
Dango Ouattara,1,1.2772883819591905
James Hill,1,1.2772883819591905
Diogo Dalot Teixeira,1,1.2772883819591905
George Earthy,1,1.080908992170385
Lisandro Martínez,1,1.2772883819591905
Bashir Humphreys,1,1.080908992170385
Ethan Nwaneri,1,1.6262550627848373
Maxence Lacroix,1,1.2772883819591905
Michael Keane,1,1.080908992170385
Eiran Cashin,1,1.2772883819591905
Joël Piroe,1,1.080908992170385
Steven Benda,1,1.2772883819591905
Aaron Ramsey,1,1.080908992170385
Anthony Patterson,1,1.080908992170385
Kevin Danso,1,1.2772883819591905
Harry Maguire,1,1.2772883819591905
Alex Iwobi,1,1.2772883819591905
Jefferson Lerma Solís,1,1.2772883819591905
Kai Havertz,1,1.6262550627848373
Mikey Moore,1,1.2772883819591905
Jayden Danns,1,1.2369039028358144
Martin Dúbravka,1,1.080908992170385
Mike Penders,1,1.6262550627848373
Antonín Kinský,1,1.2772883819591905
Ilia Gruev,1,1.080908992170385
Daniel James,1,1.080908992170385
Caoimhín Kelleher,1,1.2772883819591905
Fer López González,1,1.2772883819591905
Adam Aznou,1,1.080908992170385
Sean Longstaff,1,1.080908992170385
Joe Willock,1,1.2772883819591905
Andrés García,1,1.6262550627848373
Nathan Collins,1,1.2772883819591905
Jack Harrison,1,1.080908992170385
Owen Dodgson,1,1.080908992170385
Myles Lewis-Skelly,1,1.6262550627848373
Altay Bayındır,1,1.2772883819591905
Jay Matete,1,1.080908992170385
Shurandy Sambo,1,1.080908992170385
Nathaniel Clyne,1,1.2772883819591905
Neco Williams,1,1.2772883819591905
Julián Araujo Zúñiga,1,1.2772883819591905
David Mota Veiga Teixeira do Carmo,1,1.2772883819591905
Romain Faivre,1,1.2772883819591905
Nazarii Rusyn,1,1.080908992170385
Luka Vušković,1,1.2772883819591905
Manuel Akanji,1,1.6262550627848373
Daniel Muñoz Mejía,1,1.2772883819591905
Pedro Lomba Neto,1,1.6262550627848373
Alphonse Areola,1,1.080908992170385
Mark Gillespie,1,1.2772883819591905
Coby Ebere,1,1.080908992170385
Anthony Gordon,1,1.2772883819591905
Armando Broja,1,1.080908992170385
Lewis Orford,1,1.080908992170385
Yerson Mosquera Valdelamar,1,1.2772883819591905
Joe Worrall,1,1.080908992170385
Nico González Iglesias,1,1.6262550627848373
Joshua Zirkzee,1,1.2772883819591905
Keane Lewis-Potter,1,1.2772883819591905
Mamadou Sarr,1,1.6262550627848373
Romaine Mundle,1,1.080908992170385
Mathys Tel,1,1.2772883819591905
Mikkel Damsgaard,1,1.2772883819591905
Kobbie Mainoo,1,1.2772883819591905
Iwan Morgan,1,1.2772883819591905
Joachim Andersen,1,1.2772883819591905
Roman Dixon,1,1.080908992170385
Sepp van den Berg,1,1.2772883819591905
Wilfried Gnonto,1,1.080908992170385
Lucas Estella Perri,1,1.080908992170385
Micky van de Ven,1,1.2772883819591905
Emiliano Martínez Romero,1,1.6262550627848373
Borna Sosa,1,1.2772883819591905
Luís Hemir Silva Semedo,1,1.080908992170385
Nikola Milenković,1,1.2772883819591905
Brayden Clarke,1,1.6262550627848373
Sam Greenwood,1,1.080908992170385
Guglielmo Vicario,1,1.2772883819591905
Max Weiß,1,1.080908992170385
Mikel Merino Zazón,1,1.6262550627848373
İlkay Gündoğan,1,1.6262550627848373
Willy Boly,1,1.2772883819591905
Rob Holding,1,1.2772883819591905
Ismaïla Sarr,1,1.2772883819591905
Justin Devenny,1,1.2772883819591905
Igor Thiago Nascimento Rodrigues,1,1.2772883819591905
Aaron Wan-Bissaka,1,1.080908992170385
Nathan Fraser,1,1.2772883819591905
Alex Paulsen,1,1.2772883819591905
Hwang Hee-chan,1,1.2772883819591905
Eric da Silva Moreira,1,1.2772883819591905
Diego León Blanco,1,1.2772883819591905
Daniel Bentley,1,1.2772883819591905
Alex Cairns,1,1.080908992170385
Fábio Soares Silva,1,1.2772883819591905
Yankuba Minteh,1,1.2772883819591905
Filip Marschall,1,1.6262550627848373
Pedro Cardoso de Lima,1,1.2772883819591905
Diego Coppola,1,1.2772883819591905
Evann Guessand,1,1.6262550627848373
Walter Benítez,1,1.2772883819591905
Joe Rodon,1,1.080908992170385
Rio Cardines,1,1.2772883819591905
Wes Foderingham,1,1.080908992170385
Chemsdine Talbi,1,1.080908992170385
David Møller Wolfe,1,1.2772883819591905
Anthony Elanga,1,1.2772883819591905
Bafodé Diakité,1,1.2772883819591905
Mads Hermansen,1,1.080908992170385
Chadi Riad Dnanou,1,1.2772883819591905
Declan Rice,1,1.6262550627848373
Tom Heaton,1,1.2772883819591905
Liam Delap,1,1.6262550627848373
Reiss Nelson,1,1.6262550627848373
Bryan Gil Salvatierra,1,1.2772883819591905
Edson Álvarez Velázquez,1,1.080908992170385
Jhon Arias,1,1.2772883819591905
Václav Hladký,1,1.080908992170385
Eberechi Eze,1,1.2772883819591905
Marc Guiu Paz,1,1.080908992170385
Ryan Gravenberch,1,1.2369039028358144
Jean-Clair Todibo,1,1.080908992170385
Alex Murphy,1,1.2772883819591905
Tyler Fredricson,1,1.2772883819591905
James Maddison,1,1.2772883819591905
Dennis Cirkin,1,1.080908992170385
Jayden Bogle,1,1.080908992170385
Sean Neave,1,1.2772883819591905
Facundo Buonanotte,1,1.2772883819591905
Chris Rigg,1,1.080908992170385
Chris Mepham,1,1.2772883819591905
Mark Travers,1,1.080908992170385
Jean-Ricner Bellegarde,1,1.2772883819591905
Isaac Schmidt,1,1.080908992170385
Mohammed Kudus,1,1.2772883819591905
Leon Bailey,1,1.6262550627848373
Tyrick Mitchell,1,1.2772883819591905
Samuel Iling-Junior,1,1.6262550627848373
Abdukodir Khusanov,1,1.6262550627848373
Rodrigo 'Rodri' Hernandez Cascante,1,1.6262550627848373
Abdoullah Ba,1,1.080908992170385
Illia Zabarnyi,1,1.2772883819591905
Trai Hume,1,1.080908992170385
Lewis Miley,1,1.2772883819591905
Hákon Rafn Valdimarsson,1,1.2772883819591905
Matai Akinmboni,1,1.2772883819591905
Callum Bates,1,1.080908992170385
Dan Ndoye,1,1.2772883819591905
Jack Fletcher,1,1.2772883819591905
Manuel Benson Hedilazio,1,1.080908992170385
Ferdi Kadıoğlu,1,1.2772883819591905
Stefan Bajčetić Maquieira,1,1.2369039028358144
Jack Hinshelwood,1,1.2772883819591905
Wilson Odobert,1,1.2772883819591905
Jacob Ramsey,1,1.6262550627848373
Jair Paula da Cunha Filho,1,1.2772883819591905
Lucas Pires Silva,1,1.080908992170385
Kieran Trippier,1,1.2772883819591905
Jenson Seelt,1,1.080908992170385
Hugo Bueno López,1,1.2772883819591905
Alisson Becker,1,1.2369039028358144
Evan Ferguson,1,1.2772883819591905
John Stones,1,1.6262550627848373
Caleb Kporha,1,1.2772883819591905
Jamaal Lascelles,1,1.2772883819591905
Ahmed Abdullahi,1,1.080908992170385
Marshall Munetsi,1,1.2772883819591905
Marcus Rashford,1,1.2772883819591905
Oliver Sonne,1,1.080908992170385
Tariq Lamptey,1,1.2772883819591905
William Osula,1,1.2772883819591905
Calvin Ramsay,1,1.2369039028358144
Bruno Borges Fernandes,1,1.2772883819591905
Tijjani Reijnders,1,1.6262550627848373
Karl Darlow,1,1.080908992170385
Yoane Wissa,1,1.2772883819591905
Yehor Yarmoliuk,1,1.2772883819591905
Toti Gomes,1,1.2772883819591905
Oluwaseun Adewumi,1,1.080908992170385
Matz Sels,1,1.2772883819591905
Andrew Robertson,1,1.2369039028358144
Emile Smith Rowe,1,1.2772883819591905
Adam Wharton,1,1.2772883819591905
Kevin Schade,1,1.2772883819591905
Trey Nyoni,1,1.2369039028358144
Jørgen Strand Larsen,1,1.2772883819591905
Tom King,1,1.2772883819591905
Pape Matar Sarr,1,1.2772883819591905
Miodrag Pivaš,1,1.2772883819591905
Ian Poveda-Ocampo,1,1.080908992170385
Donyell Malen,1,1.6262550627848373
Luca Koleosho,1,1.080908992170385
Rúben dos Santos Gato Alves Dias,1,1.6262550627848373
Ismeal Kabia,1,1.6262550627848373
Harrison Armstrong,1,1.080908992170385
Anton Stach,1,1.080908992170385
Noussair Mazraoui,1,1.2772883819591905
Jean-Philippe Mateta,1,1.2772883819591905
Simon Moore,1,1.080908992170385
Krisztián Hegyi,1,1.080908992170385
Blondy Nna Noukeu,1,1.080908992170385
Romelle Donovan,1,1.2772883819591905
Odysseas Vlachodimos,1,1.2772883819591905
David Ozoh,1,1.2772883819591905
David Raya Martín,1,1.6262550627848373
Julian Eyestone,1,1.2772883819591905
Sandro Tonali,1,1.2772883819591905
Mateo Joseph Fernández-Regatillo,1,1.080908992170385
Angus Gunn,1,1.2772883819591905
Lucas Bergvall,1,1.2772883819591905
Dan Neil,1,1.080908992170385
André Onana,1,1.2772883819591905
Martial Godo,1,1.2772883819591905
Ross Barkley,1,1.6262550627848373
Marcus Bettinelli,1,1.6262550627848373
Ollie Scarles,1,1.080908992170385
João Pedro Ferreira da Silva,1,1.2772883819591905
Tyler Adams,1,1.2772883819591905
Oleksandr Zinchenko,1,1.6262550627848373
Tyrone Mings,1,1.6262550627848373
Konstantinos Mavropanos,1,1.080908992170385
James Milner,1,1.2772883819591905
Adam Smith,1,1.2772883819591905
Jason Steele,1,1.2772883819591905
Joël Veltman,1,1.2772883819591905
Odsonne Édouard,1,1.2772883819591905
Toby Collyer,1,1.2772883819591905
Asher Agbinone,1,1.2772883819591905
Jacob Murphy,1,1.2772883819591905
Luke Harris,1,1.2772883819591905
Loum Tchaouna,1,1.080908992170385
Marcus Tavernier,1,1.2772883819591905
Amara Nallo,1,1.2369039028358144
James Garner,1,1.080908992170385
Eliezer Mayenda Dossou,1,1.080908992170385
Mike Trésor Ndayishimiye,1,1.080908992170385
Tyler Morton,1,1.2369039028358144
Yasin Özcan,1,1.6262550627848373
Emiliano Buendía Stati,1,1.6262550627848373
Calvin Bassey,1,1.2772883819591905
Ethan Wheatley,1,1.2772883819591905
Mohamed Salah,1,1.2369039028358144
Gonçalo Manuel Ganchinho Guedes,1,1.2772883819591905
Tosin Adarabioyo,1,1.6262550627848373
Boubacar Kamara,1,1.6262550627848373
Jaidon Anthony,1,1.080908992170385
Paris Maghoma,1,1.2772883819591905
Mathias Jensen,1,1.2772883819591905
Kyle Walker,1,1.080908992170385
Vitor de Oliveira Nunes dos Reis,1,1.6262550627848373
Josh Laurent,1,1.080908992170385
Bart Verbruggen,1,1.2772883819591905
Tim Iroegbunam,1,1.080908992170385
Brandon Austin,1,1.2772883819591905
Cheick Doucouré,1,1.2772883819591905
Yasin Ayari,1,1.2772883819591905
Rico Henry,1,1.2772883819591905
Bruno Guimarães Rodriguez Moura,1,1.2772883819591905
Illan Meslier,1,1.080908992170385
Isaac Heath,1,1.080908992170385
Alexander Isak,1,1.2772883819591905
Leandro Trossard,1,1.6262550627848373
Joe Knight,1,1.2772883819591905
Joelinton Cássio Apolinário de Lira,1,1.2772883819591905
Joe Hodge,1,1.2772883819591905
Jérémy Doku,1,1.6262550627848373
Sven Botman,1,1.2772883819591905
Antonee Robinson,1,1.2772883819591905
Gabriel Gudmundsson,1,1.080908992170385
Michael Obafemi,1,1.080908992170385
Largie Ramazani,1,1.080908992170385
Konstantinos Tsimikas,1,1.2369039028358144
Jack Moorhouse,1,1.2772883819591905
Ethan Ampadu,1,1.080908992170385
Milos Kerkez,1,1.2369039028358144
Noni Madueke,1,1.6262550627848373
David Brooks,1,1.2772883819591905
Matt Targett,1,1.2772883819591905
Reece James,1,1.6262550627848373
Rodrigo Bentancur,1,1.2772883819591905
Raúl Jiménez Rodríguez,1,1.2772883819591905
Dean Henderson,1,1.2772883819591905
Federico Chiesa,1,1.2369039028358144
Riccardo Calafiori,1,1.6262550627848373
Ben Winterburn,1,1.2772883819591905
Kendry Páez Andrade,1,1.6262550627848373
Harrison Ashby,1,1.2772883819591905
Maxim De Cuyper,1,1.2772883819591905
Antony dos Santos,1,1.2772883819591905
Robin Roefs,1,1.080908992170385
Yang Min-hyeok,1,1.2772883819591905
Conor Bradley,1,1.2369039028358144
Filip Jörgensen,1,1.6262550627848373
Yunus Emre Konak,1,1.2772883819591905
Zach Marsh,1,1.2772883819591905
Isaac Hayden,1,1.2772883819591905
Granit Xhaka,1,1.080908992170385
Gustavo Nunes Fernandes Gomes,1,1.2772883819591905
Andrey Nascimento dos Santos,1,1.6262550627848373
James McConnell,1,1.2369039028358144
Will Hughes,1,1.2772883819591905
Daniel Adu-Adjei,1,1.2772883819591905
Mads Roerslev Rasmussen,1,1.2772883819591905
Boubacar Traoré,1,1.2772883819591905
Christopher Nkunku,1,1.6262550627848373
Nick Pope,1,1.2772883819591905
Remy Rees-Dottin,1,1.2772883819591905
Tino Livramento,1,1.2772883819591905
Danny Welbeck,1,1.2772883819591905
Maximilian Kilman,1,1.080908992170385
Antoñito Cordero Campillo,1,1.2772883819591905
Joe Gelhardt,1,1.080908992170385
Callan McKenna,1,1.2772883819591905
Ben Broggio,1,1.6262550627848373
Matheus Nunes,1,1.6262550627848373
Axel Tuanzebe,1,1.080908992170385
Gabriel Słonina,1,1.6262550627848373
Julio Enciso Espínola,1,1.2772883819591905
Chris Richards,1,1.2772883819591905
Rhys Williams,1,1.2369039028358144
Dominik Szoboszlai,1,1.2369039028358144
Daniel Ballard,1,1.080908992170385
Jorrel Hato,1,1.6262550627848373
Enes Ünal,1,1.2772883819591905
Sverre Nypan,1,1.6262550627848373
Ashley Barnes,1,1.080908992170385
Niclas Füllkrug,1,1.080908992170385
Lyle Foster,1,1.080908992170385
Cristhian Mosquera,1,1.6262550627848373
João Maria Lobo Alves Palhares Costa Palhinha Gonçalves,1,1.2772883819591905
Endo Wataru,1,1.2369039028358144
Andreas Hoelgebaum Pereira,1,1.2772883819591905
Lucas Digne,1,1.6262550627848373
Tom Cairney,1,1.2772883819591905
Lesley Ugochukwu,1,1.080908992170385
Harrison Reed,1,1.2772883819591905
Darwin Núñez Ribeiro,1,1.2369039028358144
Martin Ødegaard,1,1.6262550627848373
Harvey Elliott,1,1.2369039028358144
Dane Scarlett,1,1.2772883819591905
Rodrigo Muniz Carvalho,1,1.2772883819591905
Dejan Kulusevski,1,1.2772883819591905
Jarrad Branthwaite,1,1.080908992170385
Manor Solomon,1,1.2772883819591905
João Pedro Junqueira de Jesus,1,1.6262550627848373
Matt O'Riley,1,1.2772883819591905
Jordan Pickford,1,1.080908992170385
Zian Flemming,1,1.080908992170385
Abdallah Sima,1,1.2772883819591905
Patrick Roberts,1,1.080908992170385
Joe White,1,1.2772883819591905
Wilson Isidor,1,1.080908992170385
Kepa Arrizabalaga Revuelta,1,1.6262550627848373
Benoît Badiashile Mukinayi,1,1.6262550627848373
Wesley Fofana,1,1.6262550627848373
Manuel Ugarte Ribeiro,1,1.2772883819591905
Santiago Ignacio Bueno,1,1.2772883819591905
Lewis Cook,1,1.2772883819591905
Carl Rushworth,1,1.2772883819591905
Carlos Henrique Casimiro,1,1.2772883819591905
Alex Scott,1,1.2772883819591905
Jake O'Brien,1,1.080908992170385
Ben Davies,1,1.2772883819591905
Matheus Santos Carneiro da Cunha,1,1.2772883819591905
Harry Wilson,1,1.2772883819591905
Jeremy Sarmiento Morante,1,1.2772883819591905
El Hadji Malick Diouf,1,1.080908992170385
Marko Stamenić,1,1.2772883819591905
Sékou Koné,1,1.2772883819591905
Nathan Aké,1,1.6262550627848373
Ibrahim Sangaré,1,1.2772883819591905
Rico Lewis,1,1.6262550627848373
Álex Moreno Lopera,1,1.6262550627848373
Malo Gusto,1,1.6262550627848373
Omar Alderete,1,1.080908992170385
Bastien Meupiyou Menadjou,1,1.2772883819591905
Chris Wood,1,1.2772883819591905
Zépiqueno Redmond,1,1.6262550627848373
Claudio Echeverri,1,1.6262550627848373
Joe Anderson,1,1.080908992170385
Will Dennis,1,1.2772883819591905
Kenny Tete,1,1.2772883819591905
Đorđe Petrović,1,1.2772883819591905
Felipe Rodrigues da Silva,1,1.2772883819591905
Jacob Slater,1,1.2772883819591905
Tom Watson,1,1.2772883819591905
Benjamin Fredrick,1,1.2772883819591905
Charlie Tasker,1,1.2772883819591905
Rio Ngumoha,1,1.2369039028358144
Timothée Pembélé,1,1.080908992170385
Bernardo Mota Veiga de Carvalho e Silva,1,1.6262550627848373
Kristoffer Ajer,1,1.2772883819591905
Christian Nørgaard,1,1.6262550627848373
Erling Haaland,1,1.6262550627848373
Alfie Pond,1,1.2772883819591905
Nayef Aguerd,1,1.080908992170385
Philip Billing,1,1.2772883819591905
James Wright,1,1.6262550627848373
Enzo Barrenechea,1,1.6262550627848373
James McAtee,1,1.6262550627848373
Morgan Gibbs-White,1,1.2772883819591905
Matthijs de Ligt,1,1.2772883819591905
Séamus Coleman,1,1.080908992170385
Naouirou Ahamada,1,1.2772883819591905
Virgil van Dijk,1,1.2369039028358144
Amad Diallo,1,1.2772883819591905
Solly March,1,1.2772883819591905
Matty Cash,1,1.6262550627848373
Oscar Bobb,1,1.6262550627848373
Emmanuel Agbadou,1,1.2772883819591905
Saša Lukić,1,1.2772883819591905
Maxwel Cornet,1,1.080908992170385
Tom Edozie,1,1.2772883819591905
Yves Bissouma,1,1.2772883819591905
Curtis Jones,1,1.2369039028358144
Cody Gakpo,1,1.2369039028358144
Lewis O'Brien,1,1.2772883819591905
Hamed Traorè,1,1.2772883819591905
Nico O'Reilly,1,1.6262550627848373
Leander Dendoncker,1,1.6262550627848373
Youssef Ramalho Chermiti,1,1.080908992170385
Sander Berge,1,1.2772883819591905
Vitaly Janelt,1,1.2772883819591905
Rodrigo Martins Gomes,1,1.2772883819591905
Mykhailo Mudryk,1,1.6262550627848373
Dwight McNeil,1,1.080908992170385
Jorge Cuenca Barreno,1,1.2772883819591905
Ibrahima Konaté,1,1.2369039028358144
Rayan Aït-Nouri,1,1.6262550627848373
Gabriel Fernando de Jesus,1,1.6262550627848373
Harry Tyrer,1,1.080908992170385
Joe Gauci,1,1.6262550627848373
Carlos Baleba,1,1.2772883819591905
Jamie Bynoe-Gittens,1,1.6262550627848373
Ryan Yates,1,1.2772883819591905
Idrissa Gana Gueye,1,1.080908992170385
Archie Gray,1,1.2772883819591905
Michael Kayode,1,1.2772883819591905
Francisco Evanilson de Lima Barbosa,1,1.2772883819591905
Alejandro Garnacho Ferreyra,1,1.2772883819591905
Matheus França de Oliveira,1,1.2772883819591905
Issa Diop,1,1.2772883819591905
Benjamin Lecomte,1,1.2772883819591905
Timothy Castagne,1,1.2772883819591905
Josh Cullen,1,1.080908992170385
Hugo Ekitiké,1,1.2369039028358144
Etienne Green,1,1.080908992170385
Kim Ji-soo,1,1.2772883819591905
Malcolm Ebiowei,1,1.2772883819591905
Ian Maatsen,1,1.6262550627848373
Matt Doherty,1,1.2772883819591905
Pau Torres,1,1.6262550627848373
Fabian Schär,1,1.2772883819591905
Jurriën Timber,1,1.6262550627848373
Jaka Bijol,1,1.080908992170385
Carlos Alcaraz Durán,1,1.080908992170385
Mats Wieffer,1,1.2772883819591905
Chido Obi,1,1.2772883819591905
Olivier Boscagli,1,1.2772883819591905
Eddie Nketiah,1,1.2772883819591905
Martin Sherif,1,1.080908992170385
Stefanos Tzimas,1,1.2772883819591905
Martín Zubimendi Ibáñez,1,1.6262550627848373
Amadou Onana,1,1.6262550627848373
Tawanda Chirewa,1,1.2772883819591905
Lino da Cruz Sousa,1,1.6262550627848373
Reece Welch,1,1.080908992170385
Enzo Fernández,1,1.6262550627848373
Guido Rodríguez,1,1.080908992170385
Owen Bevan,1,1.2772883819591905
Lewis Dobbin,1,1.6262550627848373
Patrick Bamford,1,1.080908992170385
Luis Sinisterra Lucumí,1,1.2772883819591905
Sávio Moreira de Oliveira,1,1.6262550627848373
James Trafford,1,1.6262550627848373
Levi Samuels Colwill,1,1.6262550627848373
Enso González Medina,1,1.2772883819591905
Sebastiaan Bornauw,1,1.080908992170385
Ryan Trevitt,1,1.2772883819591905
Matthew Cox,1,1.2772883819591905
Jayce Fitzgerald,1,1.2772883819591905
Pierre Ekwah Elimby,1,1.080908992170385
Emil Krafth,1,1.2772883819591905
Pedro Porro Sauceda,1,1.2772883819591905
André Trindade da Costa Neto,1,1.2772883819591905
Takai Kōta,1,1.2772883819591905
Jenson Metcalfe,1,1.080908992170385
Ármin Pécsi,1,1.2369039028358144
Kadan Young,1,1.6262550627848373
Crysencio Summerville,1,1.080908992170385
Morgan Rogers,1,1.6262550627848373
Estêvão Almeida de Oliveira Gonçalves,1,1.6262550627848373
Igor Jesus Maciel da Cruz,1,1.2772883819591905
Enock Agyei,1,1.080908992170385
Noah Sadiki,1,1.080908992170385
Matt Turner,1,1.2772883819591905
Bryan Mbeumo,1,1.2772883819591905
Niall Huggins,1,1.080908992170385
Connor Roberts,1,1.080908992170385
Adrien Truffert,1,1.2772883819591905
Mitoma Kaoru,1,1.2772883819591905
Dominic Sadi,1,1.2772883819591905
Taiwo Awoniyi,1,1.2772883819591905
Antoni Milambo,1,1.2772883819591905
Reinildo Mandava,1,1.080908992170385
Aarón Anselmino,1,1.6262550627848373
Benjamin Arthur,1,1.2772883819591905
Adrian Mazilu,1,1.2772883819591905
Gabriel Martinelli Silva,1,1.6262550627848373
Thierno Barry,1,1.080908992170385
Ryan Sessegnon,1,1.2772883819591905
Kjell Scherpen,1,1.2772883819591905
Lukas Nmecha,1,1.080908992170385
Djed Spence,1,1.2772883819591905
Freddie Woodman,1,1.2369039028358144
Callum Hudson-Odoi,1,1.2772883819591905
Florian Wirtz,1,1.2369039028358144
Tyrique George,1,1.6262550627848373
Vitalii Mykolenko,1,1.080908992170385
Sam Johnstone,1,1.2772883819591905
Dário Luís Essugo,1,1.6262550627848373
Habib Diarra,1,1.080908992170385
Brenden Aaronson,1,1.080908992170385
Patrick Dorgu,1,1.2772883819591905
Callum Wilson,1,1.080908992170385
Nathan Patterson,1,1.080908992170385
Harrison Jones,1,1.080908992170385
Georginio Rutter,1,1.2772883819591905
Nectarios Triantis,1,1.080908992170385
Bernd Leno,1,1.2772883819591905
Kyle Walker-Peters,1,1.080908992170385
Carlos Miguel dos Santos Pereira,1,1.2772883819591905
Ayden Heaven,1,1.2772883819591905
Brajan Gruda,1,1.2772883819591905
Kiernan Dewsbury-Hall,1,1.080908992170385
Tomáš Souček,1,1.080908992170385
Ryan Christie,1,1.2772883819591905
Brennan Johnson,1,1.2772883819591905
Zak Johnson,1,1.080908992170385
Marc Cucurella Saseta,1,1.6262550627848373
Ashley Phillips,1,1.2772883819591905
Will Lankshear,1,1.2772883819591905
Dermot Mee,1,1.2772883819591905
Kalvin Phillips,1,1.6262550627848373
Jack Grealish,1,1.080908992170385
Tanaka Ao,1,1.080908992170385
Quilindschy Hartman,1,1.080908992170385
Hannibal Mejbri,1,1.080908992170385
Charlie Crew,1,1.080908992170385
Trevoh Chalobah,1,1.6262550627848373
Youri Tielemans,1,1.6262550627848373
Leny Yoro,1,1.2772883819591905
Tommy Setford,1,1.6262550627848373
Fábio Ferreira Vieira,1,1.6262550627848373
Viktor Gyökeres,1,1.6262550627848373
José Malheiro de Sá,1,1.2772883819591905
Jaydon Banel,1,1.080908992170385
Josh King,1,1.2772883819591905
James Ward-Prowse,1,1.080908992170385
Darko Churlinov,1,1.080908992170385
Marcus Edwards,1,1.080908992170385
Adam Webster,1,1.2772883819591905
Igor Julio dos Santos de Paulo,1,1.2772883819591905
Zach Abbott,1,1.2772883819591905
Roméo Lavia,1,1.6262550627848373
Robert Lynch Sánchez,1,1.6262550627848373
Marco Bizot,1,1.6262550627848373
Josh Nichols,1,1.6262550627848373
Aji Alese,1,1.080908992170385
Benjamin White,1,1.6262550627848373
Franco Umeh-Chibueze,1,1.2772883819591905
Emerson Palmieri dos Santos,1,1.080908992170385
Malick Thiaw,1,1.2772883819591905
Luis Díaz Marulanda,1,1.2369039028358144
Ezri Konsa Ngoyo,1,1.6262550627848373
Dan Burn,1,1.2772883819591905
Tyrell Malacia,1,1.2772883819591905
Sam Byram,1,1.080908992170385
Jarrod Bowen,1,1.080908992170385
Luke Shaw,1,1.2772883819591905
Leo Fuhr Hjelde,1,1.080908992170385
Jacob Bruun Larsen,1,1.080908992170385
Maldini Kacurri,1,1.6262550627848373
Fábio Freitas Gouveia Carvalho,1,1.2772883819591905
Jamaldeen Jimoh-Aloba,1,1.6262550627848373
Garang Kuol,1,1.2772883819591905
Marc Guéhi,1,1.2772883819591905
Radu Drăgușin,1,1.2772883819591905
Alan Browne,1,1.080908992170385
Leon Chiwome,1,1.2772883819591905
Joe Gomez,1,1.2369039028358144
Rasmus Højlund,1,1.2772883819591905
Luke O'Nien,1,1.080908992170385
Eli Junior Kroupi,1,1.2772883819591905
Justin Kluivert,1,1.2772883819591905
Murillo Costa dos Santos,1,1.2772883819591905
Norberto Bercique Gomes Betuncal,1,1.080908992170385
Lamare Bogarde,1,1.6262550627848373
Dominic Solanke-Mitchell,1,1.2772883819591905
Lewis Hall,1,1.2772883819591905
Darko Gyabi,1,1.080908992170385
Diego Gómez Amarilla,1,1.2772883819591905
Frank Onyeka,1,1.2772883819591905
Arthur Masuaku,1,1.080908992170385
Ben Doak,1,1.2369039028358144
Lucas Tolentino Coelho de Lima,1,1.080908992170385
Destiny Udogie,1,1.2772883819591905
Andy Irving,1,1.080908992170385
Julio Soler Barreto,1,1.2772883819591905
Kaelan Casey,1,1.080908992170385
Saša Kalajdžić,1,1.2772883819591905
Tom McGill,1,1.2772883819591905
Lewis Dunk,1,1.2772883819591905
Marcos Senesi Barón,1,1.2772883819591905
Hannes Delcroix,1,1.080908992170385
Romain Esse,1,1.2772883819591905
Jayden Meghoma,1,1.2772883819591905
Malick Yalcouyé,1,1.2772883819591905
Joško Gvardiol,1,1.6262550627848373
Ola Aina,1,1.2772883819591905
Callum Olusesi,1,1.2772883819591905
Nicolás Domínguez,1,1.2772883819591905
Callum Marshall,1,1.080908992170385
Daichi Kamada,1,1.2772883819591905
Remi Matthews,1,1.2772883819591905
Aaron Hickey,1,1.2772883819591905
Jordan Henderson,1,1.2772883819591905
Norberto Murara Neto,1,1.2772883819591905
Gabriel dos Santos Magalhães,1,1.6262550627848373
Benjamin Sesko,1,1.2772883819591905
Elyh Harrison,1,1.2772883819591905
Alexis Mac Allister,1,1.2369039028358144
Seung-Soo Park,1,1.2772883819591905
Harvey Barnes,1,1.2772883819591905
Maxime Estève,1,1.080908992170385
Jan Paul van Hecke,1,1.2772883819591905
Adama Traoré Diarra,1,1.2772883819591905
Jordan Beyer,1,1.080908992170385
Andrew Moran,1,1.2772883819591905
Kaden Rodney,1,1.2772883819591905
Ki-Jana Hoever,1,1.2772883819591905
Omar Marmoush,1,1.6262550627848373
Zeki Amdouni,1,1.080908992170385
Pascal Struijk,1,1.080908992170385
Karl Hein,1,1.6262550627848373
Enzo Le Fée,1,1.080908992170385
Rayan Cherki,1,1.6262550627848373
Jesurun Rak-Sakyi,1,1.2772883819591905
Ellery Balcombe,1,1.2772883819591905
Luis Guilherme Lira dos Santos,1,1.080908992170385
Josh Acheampong,1,1.6262550627848373
Simon Adingra,1,1.080908992170385
Freddie Potts,1,1.080908992170385
João Victor Gomes da Silva,1,1.2772883819591905
Richarlison de Andrade,1,1.2772883819591905
Cristian Romero,1,1.2772883819591905
Pervis Estupiñán Tenorio,1,1.2772883819591905
Phil Foden,1,1.6262550627848373
Ederson Santana de Moraes,1,1.6262550627848373
Milan Aleksić,1,1.080908992170385
Reinildo Mandava,2,1.080908992170385
Lewis Dobbin,2,1.2772883819591905
Ryan Christie,2,1.2772883819591905
Zeki Amdouni,2,1.080908992170385
Lucas Tolentino Coelho de Lima,2,1.080908992170385
Jorrel Hato,2,1.2772883819591905
Myles Peart-Harris,2,1.2772883819591905
Bashir Humphreys,2,1.080908992170385
Romain Faivre,2,1.2772883819591905
Enock Agyei,2,1.080908992170385
Callum Bates,2,1.2772883819591905
Harry Tyrer,2,1.2772883819591905
Etienne Green,2,1.080908992170385
Destiny Udogie,2,1.2772883819591905
Simon Moore,2,1.080908992170385
Ben Winterburn,2,1.2772883819591905
Mikey Moore,2,1.2772883819591905
Pape Matar Sarr,2,1.2772883819591905
Hákon Rafn Valdimarsson,2,1.2772883819591905
Toby Collyer,2,1.2772883819591905
Marcos Senesi Barón,2,1.2772883819591905
Tyler Morton,2,1.6262550627848373
Alexis Mac Allister,2,1.6262550627848373
André Trindade da Costa Neto,2,1.080908992170385
Harrison Ashby,2,1.6262550627848373
Samuel Amissah,2,1.2772883819591905
Luís Hemir Silva Semedo,2,1.080908992170385
Adama Traoré Diarra,2,1.2772883819591905
Yasin Ayari,2,1.2772883819591905
Mateo Kovačić,2,1.6262550627848373
Thierno Barry,2,1.2772883819591905
Ollie Scarles,2,1.080908992170385
Rico Lewis,2,1.6262550627848373
Brenden Aaronson,2,1.080908992170385
Eliezer Mayenda Dossou,2,1.080908992170385
Steven Benda,2,1.2772883819591905
Myles Lewis-Skelly,2,1.6262550627848373
Hugo Bueno López,2,1.080908992170385
Milan Aleksić,2,1.080908992170385
Toti Gomes,2,1.080908992170385
Ismaïla Sarr,2,1.2772883819591905
Abdukodir Khusanov,2,1.6262550627848373
André Onana,2,1.2772883819591905
Rio Cardines,2,1.2772883819591905
Alejandro Garnacho Ferreyra,2,1.2772883819591905
Dan Neil,2,1.080908992170385
Kiernan Dewsbury-Hall,2,1.2772883819591905
Kieran Trippier,2,1.6262550627848373
João Maria Lobo Alves Palhares Costa Palhinha Gonçalves,2,1.2772883819591905
Tino Livramento,2,1.6262550627848373
Issa Diop,2,1.2772883819591905
Rasmus Højlund,2,1.2772883819591905
Dane Scarlett,2,1.2772883819591905
Ezri Konsa Ngoyo,2,1.2772883819591905
Caleb Kporha,2,1.2772883819591905
Archie Gray,2,1.2772883819591905
Noah Sadiki,2,1.080908992170385
Sávio Moreira de Oliveira,2,1.6262550627848373
Nathan Collins,2,1.2772883819591905
Manuel Ugarte Ribeiro,2,1.2772883819591905
Lewis Hall,2,1.6262550627848373
Wesley Fofana,2,1.2772883819591905
Martial Godo,2,1.2772883819591905
Leo Fuhr Hjelde,2,1.080908992170385
Krisztián Hegyi,2,1.080908992170385
Will Hughes,2,1.2772883819591905
Jadon Sancho,2,1.2772883819591905
Amine Adli,2,1.2772883819591905
Micky van de Ven,2,1.2772883819591905
Konstantinos Mavropanos,2,1.080908992170385
Emmanuel Agbadou,2,1.080908992170385
Oscar Bobb,2,1.6262550627848373
Oluwaseun Adewumi,2,1.080908992170385
Jordan Henderson,2,1.2772883819591905
Harry Wilson,2,1.2772883819591905
Malick Thiaw,2,1.6262550627848373
Emerson Palmieri dos Santos,2,1.080908992170385
Trey Nyoni,2,1.6262550627848373
Malo Gusto,2,1.2772883819591905
Jérémy Doku,2,1.6262550627848373
Triston Rowe,2,1.2772883819591905
Luis Guilherme Lira dos Santos,2,1.080908992170385
Sebastiaan Bornauw,2,1.080908992170385
Kendry Páez Andrade,2,1.2772883819591905
Asher Agbinone,2,1.2772883819591905
Matz Sels,2,1.2772883819591905
Marko Stamenić,2,1.2772883819591905
Nathan Fraser,2,1.080908992170385
Evan Ferguson,2,1.2772883819591905
Idrissa Gana Gueye,2,1.2772883819591905
Justin Devenny,2,1.2772883819591905
Karl Darlow,2,1.080908992170385
Habib Diarra,2,1.080908992170385
Luis Sinisterra Lucumí,2,1.2772883819591905
Antonín Kinský,2,1.2772883819591905
Jakub Kiwior,2,1.6262550627848373
Fábio Soares Silva,2,1.080908992170385
Đorđe Petrović,2,1.2772883819591905
Kim Ji-soo,2,1.2772883819591905
Alphonse Areola,2,1.080908992170385
Gabriel dos Santos Magalhães,2,1.6262550627848373
Jamaldeen Jimoh-Aloba,2,1.2772883819591905
Armando Broja,2,1.080908992170385
Benoît Badiashile Mukinayi,2,1.2772883819591905
Aarón Anselmino,2,1.2772883819591905
Jean-Ricner Bellegarde,2,1.080908992170385
Luke Harris,2,1.2772883819591905
Ola Aina,2,1.2772883819591905
Dominik Szoboszlai,2,1.6262550627848373
Arnaud Kalimuendo,2,1.2772883819591905
Marcus Bettinelli,2,1.6262550627848373
Tomáš Souček,2,1.080908992170385
Jack Grealish,2,1.2772883819591905
Ilia Gruev,2,1.080908992170385
Kadan Young,2,1.2772883819591905
Endo Wataru,2,1.6262550627848373
Mats Wieffer,2,1.2772883819591905
İlkay Gündoğan,2,1.6262550627848373
Pedro Porro Sauceda,2,1.2772883819591905
Daichi Kamada,2,1.2772883819591905
Tyrique George,2,1.2772883819591905
Andy Irving,2,1.080908992170385
Nick Pope,2,1.6262550627848373
Karl Hein,2,1.6262550627848373
Ki-Jana Hoever,2,1.080908992170385
Fer López González,2,1.080908992170385
Daniel James,2,1.080908992170385
Christopher Nkunku,2,1.2772883819591905
Abdoullah Ba,2,1.080908992170385
Mike Trésor Ndayishimiye,2,1.080908992170385
Matthew Cox,2,1.2772883819591905
Darko Gyabi,2,1.080908992170385
Michael Obafemi,2,1.080908992170385
Dwight McNeil,2,1.2772883819591905
Jacob Ramsey,2,1.6262550627848373
Tom Edozie,2,1.080908992170385
Coby Ebere,2,1.2772883819591905
Diego Coppola,2,1.2772883819591905
Amadou Onana,2,1.2772883819591905
Giorgi Mamardashvili,2,1.6262550627848373
Leon Bailey,2,1.2772883819591905
Federico Chiesa,2,1.6262550627848373
Ryan Sessegnon,2,1.2772883819591905
John Stones,2,1.6262550627848373
Isaac Heath,2,1.2772883819591905
Chris Rigg,2,1.080908992170385
Luke O'Nien,2,1.080908992170385
Axel Tuanzebe,2,1.080908992170385
Séamus Coleman,2,1.2772883819591905
Carlos Alcaraz Durán,2,1.2772883819591905
Jeremy Sarmiento Morante,2,1.2772883819591905
Matt Turner,2,1.2772883819591905
Ethan Wheatley,2,1.2772883819591905
Roman Dixon,2,1.2772883819591905
Charlie Tasker,2,1.2772883819591905
Yoane Wissa,2,1.2772883819591905
Marc Guéhi,2,1.2772883819591905
Josh Cullen,2,1.080908992170385
Erling Haaland,2,1.6262550627848373
Djed Spence,2,1.2772883819591905
Julian Eyestone,2,1.2772883819591905
Ármin Pécsi,2,1.6262550627848373
Anton Stach,2,1.080908992170385
Jefferson Lerma Solís,2,1.2772883819591905
Jordan Beyer,2,1.080908992170385
Jayden Danns,2,1.6262550627848373
Rio Ngumoha,2,1.6262550627848373
Brandon Austin,2,1.2772883819591905
Zain Silcott-Duberry,2,1.2772883819591905
Sepp van den Berg,2,1.2772883819591905
Dominic Calvert-Lewin,2,1.080908992170385
Aaron Wan-Bissaka,2,1.080908992170385
Enzo Le Fée,2,1.080908992170385
David Ozoh,2,1.2772883819591905
Mark Gillespie,2,1.6262550627848373
Ethan Ampadu,2,1.080908992170385
Lino da Cruz Sousa,2,1.2772883819591905
Harrison Reed,2,1.2772883819591905
Vitalii Mykolenko,2,1.2772883819591905
Matt Targett,2,1.6262550627848373
Frank Onyeka,2,1.2772883819591905
Tijjani Reijnders,2,1.6262550627848373
Igor Julio dos Santos de Paulo,2,1.2772883819591905
Gabriel Słonina,2,1.2772883819591905
Manuel Akanji,2,1.6262550627848373
Bryan Mbeumo,2,1.2772883819591905
Reece Welch,2,1.2772883819591905
Lewis Cook,2,1.2772883819591905
Tyler Adams,2,1.2772883819591905
Jamaal Lascelles,2,1.6262550627848373
Andrés García,2,1.2772883819591905
Youri Tielemans,2,1.2772883819591905
Will Lankshear,2,1.2772883819591905
Iwan Morgan,2,1.2772883819591905
Pierre Ekwah Elimby,2,1.080908992170385
Crysencio Summerville,2,1.080908992170385
Philip Billing,2,1.2772883819591905
Cristhian Mosquera,2,1.6262550627848373
Ethan Nwaneri,2,1.6262550627848373
Bryan Gil Salvatierra,2,1.2772883819591905
Callum Olusesi,2,1.2772883819591905
Elyh Harrison,2,1.2772883819591905
Ellery Balcombe,2,1.2772883819591905
Gustavo Nunes Fernandes Gomes,2,1.2772883819591905
Boubacar Traoré,2,1.080908992170385
Luka Vušković,2,1.2772883819591905
Kenny Tete,2,1.2772883819591905
Matt O'Riley,2,1.2772883819591905
Carl Rushworth,2,1.2772883819591905
Walter Benítez,2,1.2772883819591905
Ibrahim Sangaré,2,1.2772883819591905
Zak Johnson,2,1.080908992170385
Brennan Johnson,2,1.2772883819591905
Dominic Sadi,2,1.2772883819591905
Ian Poveda-Ocampo,2,1.080908992170385
Rayan Aït-Nouri,2,1.6262550627848373
Carlos Baleba,2,1.2772883819591905
James Wright,2,1.2772883819591905
Jamie Bynoe-Gittens,2,1.2772883819591905
Dejan Kulusevski,2,1.2772883819591905
Wilfried Gnonto,2,1.080908992170385
Lisandro Martínez,2,1.2772883819591905
El Hadji Malick Diouf,2,1.080908992170385
Leon Chiwome,2,1.080908992170385
João Victor Gomes da Silva,2,1.080908992170385
Jaydon Banel,2,1.080908992170385
Kjell Scherpen,2,1.2772883819591905
Levi Samuels Colwill,2,1.2772883819591905
Harvey Elliott,2,1.6262550627848373
Olivier Boscagli,2,1.2772883819591905
Takai Kōta,2,1.2772883819591905
Jeremie Frimpong,2,1.6262550627848373
Joe Rodon,2,1.080908992170385
Jenson Seelt,2,1.080908992170385
Marshall Munetsi,2,1.080908992170385
Rhys Williams,2,1.6262550627848373
Josh Laurent,2,1.080908992170385
Diego León Blanco,2,1.2772883819591905
Romaine Mundle,2,1.080908992170385
Will Dennis,2,1.2772883819591905
Callum Wilson,2,1.080908992170385
Vitaly Janelt,2,1.2772883819591905
Douglas Luiz Soares de Paulo,2,1.2772883819591905
Marcus Tavernier,2,1.2772883819591905
Virgil van Dijk,2,1.6262550627848373
Son Heung-min,2,1.2772883819591905
Antoñito Cordero Campillo,2,1.6262550627848373
Callum Marshall,2,1.080908992170385
Garang Kuol,2,1.6262550627848373
Fábio Ferreira Vieira,2,1.6262550627848373
Jean-Philippe Mateta,2,1.2772883819591905
Gabriel Fernando de Jesus,2,1.6262550627848373
Maximilian Kilman,2,1.080908992170385
Tawanda Chirewa,2,1.080908992170385
Elijah Campbell,2,1.2772883819591905
Harry Maguire,2,1.2772883819591905
Hjalmar Ekdal,2,1.080908992170385
Mason Mount,2,1.2772883819591905
Paris Maghoma,2,1.2772883819591905
Jair Paula da Cunha Filho,2,1.2772883819591905
Freddie Potts,2,1.080908992170385
Joško Gvardiol,2,1.6262550627848373
Matthijs de Ligt,2,1.2772883819591905
Matheus França de Oliveira,2,1.2772883819591905
Lucas Bergvall,2,1.2772883819591905
Mikel Merino Zazón,2,1.6262550627848373
Odsonne Édouard,2,1.2772883819591905
Joe Knight,2,1.2772883819591905
Zépiqueno Redmond,2,1.2772883819591905
Matheus Santos Carneiro da Cunha,2,1.2772883819591905
Chemsdine Talbi,2,1.080908992170385
Zach Abbott,2,1.2772883819591905
Mykhailo Mudryk,2,1.2772883819591905
Emile Smith Rowe,2,1.2772883819591905
Yves Bissouma,2,1.2772883819591905
Zian Flemming,2,1.080908992170385
Alfie Pond,2,1.080908992170385
Daniel Ballard,2,1.080908992170385
Tim Iroegbunam,2,1.2772883819591905
Lucas Digne,2,1.2772883819591905
Mads Hermansen,2,1.080908992170385
Viktor Gyökeres,2,1.6262550627848373
Emiliano Buendía Stati,2,1.2772883819591905
Benjamin Lecomte,2,1.2772883819591905
Ismeal Kabia,2,1.6262550627848373
Isaac Hayden,2,1.6262550627848373
Adrian Mazilu,2,1.2772883819591905
Jurriën Timber,2,1.6262550627848373
Kyle Walker,2,1.080908992170385
Cole Palmer,2,1.2772883819591905
Maxence Lacroix,2,1.2772883819591905
Robert Lynch Sánchez,2,1.2772883819591905
Benjamin Fredrick,2,1.2772883819591905
Brajan Gruda,2,1.2772883819591905
James Trafford,2,1.6262550627848373
Ben Gannon-Doak,2,1.2772883819591905
Saša Kalajdžić,2,1.080908992170385
Mitoma Kaoru,2,1.2772883819591905
Michael Keane,2,1.2772883819591905
Jean-Clair Todibo,2,1.080908992170385
Joelinton Cássio Apolinário de Lira,2,1.6262550627848373
Francisco Evanilson de Lima Barbosa,2,1.2772883819591905
Nordi Mukiele,2,1.080908992170385
Kevin Danso,2,1.2772883819591905
Adam Aznou,2,1.2772883819591905
Ben Davies,2,1.2772883819591905
Trai Hume,2,1.080908992170385
Tom Cairney,2,1.2772883819591905
Calvin Bassey,2,1.2772883819591905
Matai Akinmboni,2,1.2772883819591905
Yehor Yarmoliuk,2,1.2772883819591905
Norberto Bercique Gomes Betuncal,2,1.2772883819591905
Christian Nørgaard,2,1.6262550627848373
Dan Ndoye,2,1.2772883819591905
Bradley Burrowes,2,1.2772883819591905
Martin Sherif,2,1.2772883819591905
Martin Ødegaard,2,1.6262550627848373
Malick Yalcouyé,2,1.2772883819591905
Charalampos Kostoulas,2,1.2772883819591905
Romain Esse,2,1.2772883819591905
Mark Travers,2,1.2772883819591905
Altay Bayındır,2,1.2772883819591905
Largie Ramazani,2,1.080908992170385
Pedro Lomba Neto,2,1.2772883819591905
Rodrigo Martins Gomes,2,1.080908992170385
Yerson Mosquera Valdelamar,2,1.080908992170385
Iliman Ndiaye,2,1.2772883819591905
Nicolas Jackson,2,1.2772883819591905
Morgan Rogers,2,1.2772883819591905
Reiss Nelson,2,1.6262550627848373
Dan Burn,2,1.6262550627848373
Andreas Hoelgebaum Pereira,2,1.2772883819591905
Lewis Miley,2,1.6262550627848373
Ahmed Abdullahi,2,1.080908992170385
James McConnell,2,1.6262550627848373
Tom McGill,2,1.2772883819591905
Brayden Clarke,2,1.6262550627848373
Joe Worrall,2,1.080908992170385
Owen Dodgson,2,1.080908992170385
Enzo Fernández,2,1.2772883819591905
Julio Enciso Espínola,2,1.2772883819591905
Emil Krafth,2,1.6262550627848373
Boubacar Kamara,2,1.2772883819591905
Hugo Ekitiké,2,1.6262550627848373
Amara Nallo,2,1.6262550627848373
Andrew Robertson,2,1.6262550627848373
Seung-Soo Park,2,1.6262550627848373
Jason Steele,2,1.2772883819591905
Joe Gauci,2,1.2772883819591905
Callum Hudson-Odoi,2,1.2772883819591905
Trevoh Chalobah,2,1.2772883819591905
Guido Rodríguez,2,1.080908992170385
Kepa Arrizabalaga Revuelta,2,1.6262550627848373
Daniel Adu-Adjei,2,1.2772883819591905
Youssef Ramalho Chermiti,2,1.2772883819591905
Yang Min-hyeok,2,1.2772883819591905
Ibrahima Konaté,2,1.6262550627848373
Lyle Foster,2,1.080908992170385
Rob Holding,2,1.2772883819591905
Manor Solomon,2,1.2772883819591905
Tommy Setford,2,1.6262550627848373
Marcus Edwards,2,1.080908992170385
Manuel Benson Hedilazio,2,1.080908992170385
Kalvin Phillips,2,1.6262550627848373
Remy Rees-Dottin,2,1.2772883819591905
Tyrick Mitchell,2,1.2772883819591905
Matheus Nunes,2,1.6262550627848373
Sam Proctor,2,1.2772883819591905
Harrison Jones,2,1.080908992170385
Alex Iwobi,2,1.2772883819591905
Timothy Castagne,2,1.2772883819591905
Bernd Leno,2,1.2772883819591905
Claudio Echeverri,2,1.6262550627848373
Giovanni Leoni,2,1.6262550627848373
Owen Bevan,2,1.2772883819591905
Angus Gunn,2,1.2772883819591905
Cody Gakpo,2,1.6262550627848373
George Earthy,2,1.080908992170385
Benjamin Arthur,2,1.2772883819591905
Adam Wharton,2,1.2772883819591905
Tyler Fredricson,2,1.2772883819591905
Ross Barkley,2,1.2772883819591905
Darko Churlinov,2,1.080908992170385
Sam Byram,2,1.080908992170385
Chris Richards,2,1.2772883819591905
Jacob Murphy,2,1.6262550627848373
Filip Jörgensen,2,1.2772883819591905
Rodrigo 'Rodri' Hernandez Cascante,2,1.6262550627848373
Ryan Gravenberch,2,1.6262550627848373
Naouirou Ahamada,2,1.2772883819591905
Andrey Nascimento dos Santos,2,1.2772883819591905
Jake O'Brien,2,1.2772883819591905
Gabriel Martinelli Silva,2,1.6262550627848373
Omar Marmoush,2,1.6262550627848373
Patrick Bamford,2,1.080908992170385
Ederson Santana de Moraes,2,1.6262550627848373
Jay Matete,2,1.080908992170385
James Milner,2,1.2772883819591905
João Pedro Ferreira da Silva,2,1.2772883819591905
Darwin Núñez Ribeiro,2,1.6262550627848373
Nazarii Rusyn,2,1.080908992170385
Blondy Nna Noukeu,2,1.080908992170385
Stefan Bajčetić Maquieira,2,1.6262550627848373
Eddie Nketiah,2,1.2772883819591905
Sean Longstaff,2,1.080908992170385
Jenson Metcalfe,2,1.2772883819591905
Nathaniel Clyne,2,1.2772883819591905
Pascal Struijk,2,1.080908992170385
Morgan Gibbs-White,2,1.2772883819591905
Joe Gelhardt,2,1.080908992170385
Mohamed Salah,2,1.6262550627848373
Calvin Ramsay,2,1.6262550627848373
Benjamin Sesko,2,1.2772883819591905
João Pedro Junqueira de Jesus,2,1.2772883819591905
Isaac Schmidt,2,1.080908992170385
Franco Umeh-Chibueze,2,1.2772883819591905
James Hill,2,1.2772883819591905
Bukayo Saka,2,1.6262550627848373
Santiago Ignacio Bueno,2,1.080908992170385
Nicolás Domínguez,2,1.2772883819591905
Remi Matthews,2,1.2772883819591905
Illan Meslier,2,1.080908992170385
Martin Dúbravka,2,1.080908992170385
Yasin Özcan,2,1.2772883819591905
Connor Roberts,2,1.080908992170385
Murillo Costa dos Santos,2,1.2772883819591905
Ferdi Kadıoğlu,2,1.2772883819591905
Aji Alese,2,1.080908992170385
Kaden Rodney,2,1.2772883819591905
Odysseas Vlachodimos,2,1.6262550627848373
Yunus Emre Konak,2,1.2772883819591905
Kyle Walker-Peters,2,1.080908992170385
Gabriel Gudmundsson,2,1.080908992170385
Jacob Slater,2,1.2772883819591905
Joe White,2,1.6262550627848373
Tyrell Malacia,2,1.2772883819591905
Ian Maatsen,2,1.2772883819591905
Nathan Aké,2,1.6262550627848373
Enso González Medina,2,1.080908992170385
Jayden Bogle,2,1.080908992170385
James Maddison,2,1.2772883819591905
Pervis Estupiñán Tenorio,2,1.2772883819591905
Solly March,2,1.2772883819591905
Wes Foderingham,2,1.080908992170385
Kobbie Mainoo,2,1.2772883819591905
Ryan Yates,2,1.2772883819591905
Kevin Schade,2,1.2772883819591905
David Møller Wolfe,2,1.080908992170385
Arthur Masuaku,2,1.080908992170385
Filip Marschall,2,1.2772883819591905
Joe Gomez,2,1.6262550627848373
Felipe Rodrigues da Silva,2,1.2772883819591905
Mohammed Kudus,2,1.2772883819591905
Richarlison de Andrade,2,1.2772883819591905
Michael Kayode,2,1.2772883819591905
Granit Xhaka,2,1.080908992170385
Mikkel Damsgaard,2,1.2772883819591905
Albert Sambi Lokonga,2,1.6262550627848373
Declan Rice,2,1.6262550627848373
Mathias Jensen,2,1.2772883819591905
Joël Veltman,2,1.2772883819591905
Joachim Andersen,2,1.2772883819591905
James Garner,2,1.2772883819591905
Joshua Zirkzee,2,1.2772883819591905
Jayden Meghoma,2,1.2772883819591905
Conor Bradley,2,1.6262550627848373
Igor Thiago Nascimento Rodrigues,2,1.2772883819591905
Florian Wirtz,2,1.6262550627848373
Leandro Trossard,2,1.6262550627848373
William Saliba,2,1.6262550627848373
Harry Amass,2,1.2772883819591905
Cheick Doucouré,2,1.2772883819591905
Anthony Elanga,2,1.6262550627848373
Noni Madueke,2,1.6262550627848373
Saša Lukić,2,1.2772883819591905
Max Dowman,2,1.6262550627848373
Stefan Ortega Moreno,2,1.6262550627848373
Rúben dos Santos Gato Alves Dias,2,1.6262550627848373
Chris Mepham,2,1.2772883819591905
Joe Willock,2,1.6262550627848373
Elliot Anderson,2,1.2772883819591905
Jack Hinshelwood,2,1.2772883819591905
David Brooks,2,1.2772883819591905
Nikola Milenković,2,1.2772883819591905
Julio Soler Barreto,2,1.2772883819591905
Mamadou Sarr,2,1.2772883819591905
Lukas Nmecha,2,1.080908992170385
Loum Tchaouna,2,1.080908992170385
Ollie Watkins,2,1.2772883819591905
James Ward-Prowse,2,1.080908992170385
Jarrod Bowen,2,1.080908992170385
Nico González Iglesias,2,1.6262550627848373
Gonçalo Manuel Ganchinho Guedes,2,1.080908992170385
Alan Browne,2,1.080908992170385
Jaka Bijol,2,1.080908992170385
Alex Scott,2,1.2772883819591905
Lewis O'Brien,2,1.2772883819591905
Patrick Roberts,2,1.080908992170385
Álex Moreno Lopera,2,1.2772883819591905
Eric da Silva Moreira,2,1.2772883819591905
Leny Yoro,2,1.2772883819591905
Shurandy Sambo,2,1.080908992170385
Diego Gómez Amarilla,2,1.2772883819591905
Neco Williams,2,1.2772883819591905
David Mota Veiga Teixeira do Carmo,2,1.2772883819591905
Harrison Armstrong,2,1.2772883819591905
Jackson Tchatchoua,2,1.080908992170385
Lucas Pires Silva,2,1.080908992170385
Anthony Patterson,2,1.080908992170385
Wilson Isidor,2,1.080908992170385
Jack Harrison,2,1.080908992170385
Dango Ouattara,2,1.2772883819591905
Mathys Tel,2,1.2772883819591905
Charlie Crew,2,1.080908992170385
Ryan Trevitt,2,1.2772883819591905
Sandro Tonali,2,1.6262550627848373
Ben Broggio,2,1.2772883819591905
Matt Doherty,2,1.080908992170385
Niclas Füllkrug,2,1.080908992170385
Maldini Kacurri,2,1.6262550627848373
Donyell Malen,2,1.2772883819591905
Bafodé Diakité,2,1.2772883819591905
Leander Dendoncker,2,1.2772883819591905
Robin Roefs,2,1.080908992170385
Lesley Ugochukwu,2,1.080908992170385
Borna Sosa,2,1.2772883819591905
Kaelan Casey,2,1.080908992170385
Hamed Traorè,2,1.2772883819591905
Jack Fletcher,2,1.2772883819591905
Riccardo Calafiori,2,1.6262550627848373
David Raya Martín,2,1.6262550627848373
Jesurun Rak-Sakyi,2,1.2772883819591905
Nectarios Triantis,2,1.080908992170385
Romelle Donovan,2,1.2772883819591905
Maxim De Cuyper,2,1.2772883819591905
Joël Piroe,2,1.080908992170385
Marco Bizot,2,1.2772883819591905
Maxwel Cornet,2,1.080908992170385
Vitor de Oliveira Nunes dos Reis,2,1.6262550627848373
Sam Johnstone,2,1.080908992170385
Antonee Robinson,2,1.2772883819591905
Jørgen Strand Larsen,2,1.080908992170385
Estêvão Almeida de Oliveira Gonçalves,2,1.2772883819591905
Tom Watson,2,1.2772883819591905
Lucas Estella Perri,2,1.080908992170385
Timothée Pembélé,2,1.080908992170385
Roméo Lavia,2,1.2772883819591905
Jan Paul van Hecke,2,1.2772883819591905
Mike Penders,2,1.2772883819591905
Oleksandr Zinchenko,2,1.6262550627848373
Harvey Barnes,2,1.6262550627848373
Josh Nichols,2,1.6262550627848373
Jhon Arias,2,1.080908992170385
Chido Obi,2,1.2772883819591905
Marc Guiu Paz,2,1.080908992170385
Aaron Ramsey,2,1.080908992170385
John McGinn,2,1.2772883819591905
Chadi Riad Dnanou,2,1.2772883819591905
Pedro Cardoso de Lima,2,1.080908992170385
Hannes Delcroix,2,1.080908992170385
Phil Foden,2,1.6262550627848373
Tom Heaton,2,1.2772883819591905
Wilson Odobert,2,1.2772883819591905
Omari Hutchinson,2,1.2772883819591905
Alex Murphy,2,1.6262550627848373
Bernardo Mota Veiga de Carvalho e Silva,2,1.6262550627848373
Hannibal Mejbri,2,1.080908992170385
Jacob Bruun Larsen,2,1.080908992170385
Dennis Cirkin,2,1.080908992170385
Daniel Muñoz Mejía,2,1.2772883819591905
Bastien Meupiyou Menadjou,2,1.080908992170385
Radu Drăgușin,2,1.2772883819591905
Noah Okafor,2,1.080908992170385
Dean Henderson,2,1.2772883819591905
Jayce Fitzgerald,2,1.2772883819591905
Nayef Aguerd,2,1.080908992170385
Danny Welbeck,2,1.2772883819591905
Tom King,2,1.2772883819591905
Maxime Estève,2,1.080908992170385
Antoine Semenyo,2,1.2772883819591905
Rodrigo Muniz Carvalho,2,1.2772883819591905
Sven Botman,2,1.6262550627848373
Omar Alderete,2,1.080908992170385
Nico O'Reilly,2,1.6262550627848373
Liam Delap,2,1.2772883819591905
Malcolm Ebiowei,2,1.2772883819591905
Benjamin White,2,1.6262550627848373
Miodrag Pivaš,2,1.6262550627848373
Freddie Woodman,2,1.6262550627848373
Adam Webster,2,1.2772883819591905
Reece James,2,1.2772883819591905
Alex Paulsen,2,1.2772883819591905
Chris Wood,2,1.2772883819591905
Rayan Cherki,2,1.6262550627848373
Emiliano Martínez Romero,2,1.2772883819591905
Josh King,2,1.2772883819591905
Lewis Dunk,2,1.2772883819591905
Willy Boly,2,1.2772883819591905
William Osula,2,1.6262550627848373
Luca Koleosho,2,1.080908992170385
Omar Richards,2,1.2772883819591905
Anthony Gordon,2,1.6262550627848373
Antoni Milambo,2,1.2772883819591905
Martín Zubimendi Ibáñez,2,1.6262550627848373
Jaidon Anthony,2,1.080908992170385
Curtis Jones,2,1.6262550627848373
Caoimhín Kelleher,2,1.2772883819591905
James McAtee,2,1.2772883819591905
Guglielmo Vicario,2,1.2772883819591905
Zach Marsh,2,1.2772883819591905
Joe Anderson,2,1.080908992170385
Noussair Mazraoui,2,1.2772883819591905
Cristian Romero,2,1.2772883819591905
Václav Hladký,2,1.080908992170385
Mads Roerslev Rasmussen,2,1.2772883819591905
Diogo Dalot Teixeira,2,1.2772883819591905
Justin Kluivert,2,1.2772883819591905
Keane Lewis-Potter,2,1.2772883819591905
Kristoffer Ajer,2,1.2772883819591905
Georginio Rutter,2,1.2772883819591905
Hwang Hee-chan,2,1.080908992170385
Ashley Phillips,2,1.2772883819591905
Quilindschy Hartman,2,1.080908992170385
Bruno Guimarães Rodriguez Moura,2,1.6262550627848373
Eiran Cashin,2,1.2772883819591905
Nathan Patterson,2,1.2772883819591905
Andrew Moran,2,1.2772883819591905
Adrien Truffert,2,1.2772883819591905
Enes Ünal,2,1.2772883819591905
Dário Luís Essugo,2,1.2772883819591905
Aaron Ramsdale,2,1.6262550627848373
Moisés Caicedo Corozo,2,1.2772883819591905
Taiwo Awoniyi,2,1.2772883819591905
Niall Huggins,2,1.080908992170385
Konstantinos Tsimikas,2,1.6262550627848373
Adam Smith,2,1.2772883819591905
Tyrone Mings,2,1.2772883819591905
Luke Shaw,2,1.2772883819591905
Aaron Hickey,2,1.2772883819591905
Sékou Koné,2,1.2772883819591905
Jordan Pickford,2,1.2772883819591905
Enzo Barrenechea,2,1.2772883819591905
Pau Torres,2,1.2772883819591905
Bart Verbruggen,2,1.2772883819591905
Tariq Lamptey,2,1.2772883819591905
Ashley Barnes,2,1.080908992170385
Sverre Nypan,2,1.6262550627848373
Josh Acheampong,2,1.2772883819591905
Igor Jesus Maciel da Cruz,2,1.2772883819591905
Illia Zabarnyi,2,1.2772883819591905
Eli Junior Kroupi,2,1.2772883819591905
Julián Araujo Zúñiga,2,1.2772883819591905
Milos Kerkez,2,1.6262550627848373
Lamare Bogarde,2,1.2772883819591905
Dermot Mee,2,1.2772883819591905
Alisson Becker,2,1.6262550627848373
Fabian Schär,2,1.6262550627848373
Marc Cucurella Saseta,2,1.2772883819591905
Norberto Murara Neto,2,1.2772883819591905
Max Weiß,2,1.080908992170385
Amad Diallo,2,1.2772883819591905
Jorge Cuenca Barreno,2,1.2772883819591905
Oliver Sonne,2,1.080908992170385
Edson Álvarez Velázquez,2,1.080908992170385
Yankuba Minteh,2,1.2772883819591905
Eberechi Eze,2,1.2772883819591905
Lewis Orford,2,1.080908992170385
Simon Adingra,2,1.080908992170385
Alexander Isak,2,1.6262550627848373
Dominic Solanke-Mitchell,2,1.2772883819591905
Rodrigo Bentancur,2,1.2772883819591905
Patrick Dorgu,2,1.2772883819591905
Ayden Heaven,2,1.2772883819591905
James Tarkowski,2,1.2772883819591905
Facundo Buonanotte,2,1.2772883819591905
Jack Moorhouse,2,1.2772883819591905
Carlos Henrique Casimiro,2,1.2772883819591905
José Malheiro de Sá,2,1.080908992170385
Callan McKenna,2,1.2772883819591905
Fábio Freitas Gouveia Carvalho,2,1.2772883819591905
Sean Neave,2,1.6262550627848373
Luis Díaz Marulanda,2,1.6262550627848373
Joe Hodge,2,1.080908992170385
Sander Berge,2,1.2772883819591905
Tanaka Ao,2,1.080908992170385
Carlos Miguel dos Santos Pereira,2,1.2772883819591905
Matty Cash,2,1.2772883819591905
Bruno Borges Fernandes,2,1.2772883819591905
Stefanos Tzimas,2,1.2772883819591905
Daniel Bentley,2,1.080908992170385
Marcus Rashford,2,1.2772883819591905
Rico Henry,2,1.2772883819591905
Samuel Iling-Junior,2,1.2772883819591905
Abdallah Sima,2,1.2772883819591905
Tosin Adarabioyo,2,1.2772883819591905
Sam Greenwood,2,1.080908992170385
Jarrad Branthwaite,2,1.2772883819591905
Ethan Pinnock,2,1.2772883819591905
Alex Cairns,2,1.080908992170385
Mateo Joseph Fernández-Regatillo,2,1.080908992170385
Kai Havertz,2,1.6262550627848373
Raúl Jiménez Rodríguez,2,1.2772883819591905
Evann Guessand,2,1.2772883819591905
Antony dos Santos,2,1.2772883819591905
Tyler Onyango,2,1.2772883819591905
